date,90-day Treasury/5-year yield spread
2015-05-01,-1.490000
2015-05-04,-1.490000
2015-05-05,-1.530000
2015-05-06,-1.560000
2015-05-07,-1.540000
2015-05-08,-1.490000
2015-05-11,-1.570000
2015-05-12,-1.550000
2015-05-13,-1.550000
2015-05-14,-1.500000
2015-05-15,-1.440000
2015-05-18,-1.520000
2015-05-19,-1.580000
2015-05-20,-1.550000
2015-05-21,-1.510000
2015-05-22,-1.550000
2015-05-25,
2015-05-26,-1.520000
2015-05-27,-1.520000
2015-05-28,-1.500000
2015-05-29,-1.480000
2015-06-01,-1.530000
2015-06-02,-1.600000
2015-06-03,-1.670000
2015-06-04,-1.630000
2015-06-05,-1.720000
2015-06-08,-1.700000
2015-06-09,-1.720000
2015-06-10,-1.780000
2015-06-11,-1.730000
2015-06-12,-1.730000
2015-06-15,-1.690000
2015-06-16,-1.670000
2015-06-17,-1.620000
2015-06-18,-1.640000
2015-06-19,-1.580000
2015-06-22,-1.670000
2015-06-23,-1.700000
2015-06-24,-1.680000
2015-06-25,-1.690000
2015-06-26,-1.740000
2015-06-29,-1.600000
2015-06-30,-1.620000
2015-07-01,-1.690000
2015-07-02,-1.630000
2015-07-03,
2015-07-06,-1.540000
2015-07-07,-1.530000
2015-07-08,-1.480000
2015-07-09,-1.550000
2015-07-10,-1.670000
2015-07-13,-1.690000
2015-07-14,-1.660000
2015-07-15,-1.610000
2015-07-16,-1.640000
2015-07-17,-1.640000
2015-07-20,-1.680000
2015-07-21,-1.660000
2015-07-22,-1.650000
2015-07-23,-1.620000
2015-07-24,-1.600000
2015-07-27,-1.530000
2015-07-28,-1.560000
2015-07-29,-1.560000
2015-07-30,-1.550000
2015-07-31,-1.460000
2015-08-03,-1.440000
2015-08-04,-1.520000
2015-08-05,-1.570000
2015-08-06,-1.580000
2015-08-07,-1.530000
2015-08-10,-1.500000
2015-08-11,-1.430000
2015-08-12,-1.420000
2015-08-13,-1.480000
2015-08-14,-1.520000
2015-08-17,-1.480000
2015-08-18,-1.530000
2015-08-19,-1.450000
2015-08-20,-1.480000
2015-08-21,-1.410000
2015-08-24,-1.330000
2015-08-25,-1.410000
2015-08-26,-1.430000
2015-08-27,-1.430000
2015-08-28,-1.460000
2015-08-31,-1.460000
2015-09-01,-1.460000
2015-09-02,-1.490000
2015-09-03,-1.470000
2015-09-04,-1.450000
2015-09-07,
2015-09-08,-1.470000
2015-09-09,-1.500000
2015-09-10,-1.530000
2015-09-11,-1.480000
2015-09-14,-1.440000
2015-09-15,-1.540000
2015-09-16,-1.560000
2015-09-17,-1.490000
2015-09-18,-1.460000
2015-09-21,-1.500000
2015-09-22,-1.450000
2015-09-23,-1.460000
2015-09-24,-1.430000
2015-09-25,-1.490000
2015-09-28,-1.410000
2015-09-29,-1.360000
2015-09-30,-1.380000
2015-10-01,-1.390000
2015-10-02,-1.290000
2015-10-05,-1.340000
2015-10-06,-1.340000
2015-10-07,-1.370000
2015-10-08,-1.410000
2015-10-09,-1.400000
2015-10-12,
2015-10-13,-1.350000
2015-10-14,-1.290000
2015-10-15,-1.330000
2015-10-16,-1.350000
2015-10-19,-1.330000
2015-10-20,-1.380000
2015-10-21,-1.360000
2015-10-22,-1.360000
2015-10-23,-1.420000
2015-10-26,-1.390000
2015-10-27,-1.350000
2015-10-28,-1.430000
2015-10-29,-1.460000
2015-10-30,-1.440000
2015-11-02,-1.490000
2015-11-03,-1.530000
2015-11-04,-1.590000
2015-11-05,-1.600000
2015-11-06,-1.650000
2015-11-09,-1.610000
2015-11-10,-1.590000
2015-11-11,
2015-11-12,-1.590000
2015-11-13,-1.540000
2015-11-16,-1.510000
2015-11-17,-1.520000
2015-11-18,-1.570000
2015-11-19,-1.570000
2015-11-20,-1.590000
2015-11-23,-1.560000
2015-11-24,-1.500000
2015-11-25,-1.470000
2015-11-26,
2015-11-27,-1.470000
2015-11-30,-1.430000
2015-12-01,-1.380000
2015-12-02,-1.420000
2015-12-03,-1.530000
2015-12-04,-1.490000
2015-12-07,-1.380000
2015-12-08,-1.410000
2015-12-09,-1.380000
2015-12-10,-1.440000
2015-12-11,-1.340000
2015-12-14,-1.400000
2015-12-15,-1.460000
2015-12-16,-1.480000
2015-12-17,-1.500000
2015-12-18,-1.480000
2015-12-21,-1.430000
2015-12-22,-1.500000
2015-12-23,-1.540000
2015-12-24,-1.530000
2015-12-25,
2015-12-28,-1.500000
2015-12-29,-1.580000
2015-12-30,-1.590000
2015-12-31,-1.600000
2016-01-01,
2016-01-04,-1.510000
2016-01-05,-1.530000
2016-01-06,-1.440000
2016-01-07,-1.410000
2016-01-08,-1.370000
2016-01-11,-1.370000
2016-01-12,-1.340000
2016-01-13,-1.290000
2016-01-14,-1.270000
2016-01-15,-1.230000
2016-01-18,
2016-01-19,-1.230000
2016-01-20,-1.180000
2016-01-21,-1.160000
2016-01-22,-1.190000
2016-01-25,-1.160000
2016-01-26,-1.140000
2016-01-27,-1.110000
2016-01-28,-1.060000
2016-01-29,-1.010000
2016-02-01,-1.030000
2016-02-02,-0.940000
2016-02-03,-0.940000
2016-02-04,-0.960000
2016-02-05,-0.960000
2016-02-08,-0.840000
2016-02-09,-0.850000
2016-02-10,-0.840000
2016-02-11,-0.830000
2016-02-12,-0.910000
2016-02-15,
2016-02-16,-0.930000
2016-02-17,-0.960000
2016-02-18,-0.910000
2016-02-19,-0.940000
2016-02-22,-0.920000
2016-02-23,-0.910000
2016-02-24,-0.880000
2016-02-25,-0.840000
2016-02-26,-0.910000
2016-02-29,-0.890000
2016-03-01,-0.980000
2016-03-02,-0.990000
2016-03-03,-1.060000
2016-03-04,-1.100000
2016-03-07,-1.100000
2016-03-08,-1.050000
2016-03-09,-1.090000
2016-03-10,-1.140000
2016-03-11,-1.170000
2016-03-14,-1.150000
2016-03-15,-1.160000
2016-03-16,-1.100000
2016-03-17,-1.100000
2016-03-18,-1.050000
2016-03-21,-1.070000
2016-03-22,-1.120000
2016-03-23,-1.070000
2016-03-24,-1.100000
2016-03-25,
2016-03-28,-1.080000
2016-03-29,-1.060000
2016-03-30,-1.060000
2016-03-31,-1.000000
2016-04-01,-1.010000
2016-04-04,-0.990000
2016-04-05,-0.940000
2016-04-06,-0.970000
2016-04-07,-0.910000
2016-04-08,-0.930000
2016-04-11,-0.930000
2016-04-12,-1.000000
2016-04-13,-0.990000
2016-04-14,-1.040000
2016-04-15,-1.000000
2016-04-18,-1.020000
2016-04-19,-1.050000
2016-04-20,-1.090000
2016-04-21,-1.120000
2016-04-22,-1.140000
2016-04-25,-1.130000
2016-04-26,-1.160000
2016-04-27,-1.090000
2016-04-28,-1.060000
2016-04-29,-1.060000
2016-05-02,-1.100000
2016-05-03,-1.040000
2016-05-04,-1.040000
2016-05-05,-1.000000
2016-05-06,-1.040000
2016-05-09,-0.960000
2016-05-10,-0.960000
2016-05-11,-0.940000
2016-05-12,-0.970000
2016-05-13,-0.940000
2016-05-16,-0.980000
2016-05-17,-1.010000
2016-05-18,-1.110000
2016-05-19,-1.080000
2016-05-20,-1.060000
2016-05-23,-1.030000
2016-05-24,-1.060000
2016-05-25,-1.070000
2016-05-26,-1.050000
2016-05-27,-1.080000
2016-05-30,
2016-05-31,-1.030000
2016-06-01,-1.090000
2016-06-02,-1.080000
2016-06-03,-0.940000
2016-06-06,-0.970000
2016-06-07,-0.950000
2016-06-08,-0.990000
2016-06-09,-0.970000
2016-06-10,-0.920000
2016-06-13,-0.870000
2016-06-14,-0.880000
2016-06-15,-0.840000
2016-06-16,-0.830000
2016-06-17,-0.870000
2016-06-20,-0.890000
2016-06-21,-0.950000
2016-06-22,-0.930000
2016-06-23,-0.950000
2016-06-24,-0.820000
2016-06-27,-0.730000
2016-06-28,-0.740000
2016-06-29,-0.770000
2016-06-30,-0.750000
2016-07-01,-0.730000
2016-07-04,
2016-07-05,-0.660000
2016-07-06,-0.680000
2016-07-07,-0.680000
2016-07-08,-0.680000
2016-07-11,-0.720000
2016-07-12,-0.810000
2016-07-13,-0.760000
2016-07-14,-0.790000
2016-07-15,-0.840000
2016-07-18,-0.820000
2016-07-19,-0.810000
2016-07-20,-0.830000
2016-07-21,-0.800000
2016-07-22,-0.810000
2016-07-25,-0.830000
2016-07-26,-0.840000
2016-07-27,-0.790000
2016-07-28,-0.840000
2016-07-29,-0.760000
2016-08-01,-0.770000
2016-08-02,-0.780000
2016-08-03,-0.790000
2016-08-04,-0.770000
2016-08-05,-0.860000
2016-08-08,-0.840000
2016-08-09,-0.820000
2016-08-10,-0.790000
2016-08-11,-0.880000
2016-08-12,-0.820000
2016-08-15,-0.830000
2016-08-16,-0.890000
2016-08-17,-0.850000
2016-08-18,-0.830000
2016-08-19,-0.880000
2016-08-22,-0.860000
2016-08-23,-0.850000
2016-08-24,-0.820000
2016-08-25,-0.830000
2016-08-26,-0.900000
2016-08-29,-0.850000
2016-08-30,-0.850000
2016-08-31,-0.860000
2016-09-01,-0.850000
2016-09-02,-0.880000
2016-09-05,
2016-09-06,-0.810000
2016-09-07,-0.780000
2016-09-08,-0.850000
2016-09-09,-0.890000
2016-09-12,-0.840000
2016-09-13,-0.900000
2016-09-14,-0.880000
2016-09-15,-0.910000
2016-09-16,-0.920000
2016-09-19,-0.920000
2016-09-20,-0.900000
2016-09-21,-0.980000
2016-09-22,-1.000000
2016-09-23,-0.980000
2016-09-26,-0.880000
2016-09-27,-0.860000
2016-09-28,-0.860000
2016-09-29,-0.860000
2016-09-30,-0.860000
2016-10-03,-0.860000
2016-10-04,-0.890000
2016-10-05,-0.940000
2016-10-06,-0.960000
2016-10-07,-0.940000
2016-10-10,
2016-10-11,-0.950000
2016-10-12,-0.950000
2016-10-13,-0.980000
2016-10-14,-0.970000
2016-10-17,-0.920000
2016-10-18,-0.900000
2016-10-19,-0.900000
2016-10-20,-0.920000
2016-10-21,-0.920000
2016-10-24,-0.940000
2016-10-25,-0.950000
2016-10-26,-0.970000
2016-10-27,-1.040000
2016-10-28,-1.040000
2016-10-31,-0.970000
2016-11-01,-0.950000
2016-11-02,-0.900000
2016-11-03,-0.890000
2016-11-04,-0.870000
2016-11-07,-0.880000
2016-11-08,-0.910000
2016-11-09,-1.050000
2016-11-10,-1.090000
2016-11-11,
2016-11-14,-1.120000
2016-11-15,-1.180000
2016-11-16,-1.220000
2016-11-17,-1.300000
2016-11-18,-1.370000
2016-11-21,-1.330000
2016-11-22,-1.290000
2016-11-23,-1.330000
2016-11-24,
2016-11-25,-1.350000
2016-11-28,-1.320000
2016-11-29,-1.300000
2016-11-30,-1.350000
2016-12-01,-1.430000
2016-12-02,-1.360000
2016-12-05,-1.350000
2016-12-06,-1.350000
2016-12-07,-1.290000
2016-12-08,-1.330000
2016-12-09,-1.360000
2016-12-12,-1.390000
2016-12-13,-1.380000
2016-12-14,-1.480000
2016-12-15,-1.600000
2016-12-16,-1.570000
2016-12-19,-1.510000
2016-12-20,-1.540000
2016-12-21,-1.530000
2016-12-22,-1.540000
2016-12-23,-1.530000
2016-12-26,
2016-12-27,-1.560000
2016-12-28,-1.500000
2016-12-29,-1.500000
2016-12-30,-1.430000
2017-01-02,
2017-01-03,-1.410000
2017-01-04,-1.420000
2017-01-05,-1.350000
2017-01-06,-1.400000
2017-01-09,-1.390000
2017-01-10,-1.380000
2017-01-11,-1.380000
2017-01-12,-1.360000
2017-01-13,-1.380000
2017-01-16,
2017-01-17,-1.300000
2017-01-18,-1.410000
2017-01-19,-1.460000
2017-01-20,-1.460000
2017-01-23,-1.370000
2017-01-24,-1.440000
2017-01-25,-1.500000
2017-01-26,-1.450000
2017-01-27,-1.430000
2017-01-30,-1.430000
2017-01-31,-1.380000
2017-02-01,-1.430000
2017-02-02,-1.410000
2017-02-03,-1.430000
2017-02-06,-1.330000
2017-02-07,-1.320000
2017-02-08,-1.280000
2017-02-09,-1.350000
2017-02-10,-1.350000
2017-02-13,-1.400000
2017-02-14,-1.440000
2017-02-15,-1.480000
2017-02-16,-1.430000
2017-02-17,-1.400000
2017-02-20,
2017-02-21,-1.400000
2017-02-22,-1.400000
2017-02-23,-1.360000
2017-02-24,-1.290000
2017-02-27,-1.370000
2017-02-28,-1.360000
2017-03-01,-1.370000
2017-03-02,-1.370000
2017-03-03,-1.320000
2017-03-06,-1.290000
2017-03-07,-1.300000
2017-03-08,-1.360000
2017-03-09,-1.410000
2017-03-10,-1.380000
2017-03-13,-1.360000
2017-03-14,-1.360000
2017-03-15,-1.300000
2017-03-16,-1.330000
2017-03-17,-1.310000
2017-03-20,-1.250000
2017-03-21,-1.200000
2017-03-22,-1.190000
2017-03-23,-1.200000
2017-03-24,-1.160000
2017-03-27,-1.160000
2017-03-28,-1.200000
2017-03-29,-1.160000
2017-03-30,-1.190000
2017-03-31,-1.180000
2017-04-03,-1.100000
2017-04-04,-1.100000
2017-04-05,-1.060000
2017-04-06,-1.090000
2017-04-07,-1.110000
2017-04-10,-1.100000
2017-04-11,-1.030000
2017-04-12,-1.010000
2017-04-13,-0.970000
2017-04-14,
2017-04-17,-0.970000
2017-04-18,-0.900000
2017-04-19,-0.940000
2017-04-20,-1.000000
2017-04-21,-0.990000
2017-04-24,-1.010000
2017-04-25,-1.060000
2017-04-26,-1.020000
2017-04-27,-1.010000
2017-04-28,-1.020000
2017-05-01,-1.020000
2017-05-02,-1.000000
2017-05-03,-1.020000
2017-05-04,-1.040000
2017-05-05,-1.010000
2017-05-08,-1.010000
2017-05-09,-1.040000
2017-05-10,-1.050000
2017-05-11,-1.060000
2017-05-12,-0.990000
2017-05-15,-0.970000
2017-05-16,-0.970000
2017-05-17,-0.870000
2017-05-18,-0.870000
2017-05-19,-0.890000
2017-05-22,-0.880000
2017-05-23,-0.930000
2017-05-24,-0.870000
2017-05-25,-0.860000
2017-05-26,-0.870000
2017-05-29,
2017-05-30,-0.840000
2017-05-31,-0.790000
2017-06-01,-0.800000
2017-06-02,-0.750000
2017-06-05,-0.790000
2017-06-06,-0.750000
2017-06-07,-0.760000
2017-06-08,-0.760000
2017-06-09,-0.780000
2017-06-12,-0.810000
2017-06-13,-0.800000
2017-06-14,-0.750000
2017-06-15,-0.760000
2017-06-16,-0.740000
2017-06-19,-0.790000
2017-06-20,-0.770000
2017-06-21,-0.810000
2017-06-22,-0.820000
2017-06-23,-0.820000
2017-06-26,-0.790000
2017-06-27,-0.840000
2017-06-28,-0.810000
2017-06-29,-0.830000
2017-06-30,-0.880000
2017-07-03,-0.890000
2017-07-04,
2017-07-05,-0.890000
2017-07-06,-0.920000
2017-07-07,-0.920000
2017-07-10,-0.900000
2017-07-11,-0.890000
2017-07-12,-0.850000
2017-07-13,-0.860000
2017-07-14,-0.850000
2017-07-17,-0.810000
2017-07-18,-0.770000
2017-07-19,-0.740000
2017-07-20,-0.690000
2017-07-21,-0.670000
2017-07-24,-0.680000
2017-07-25,-0.740000
2017-07-26,-0.720000
2017-07-27,-0.750000
2017-07-28,-0.770000
2017-07-31,-0.790000
2017-08-01,-0.740000
2017-08-02,-0.760000
2017-08-03,-0.730000
2017-08-04,-0.760000
2017-08-07,-0.800000
2017-08-08,-0.800000
2017-08-09,-0.770000
2017-08-10,-0.750000
2017-08-11,-0.730000
2017-08-14,-0.760000
2017-08-15,-0.810000
2017-08-16,-0.790000
2017-08-17,-0.780000
2017-08-18,-0.770000
2017-08-21,-0.770000
2017-08-22,-0.810000
2017-08-23,-0.780000
2017-08-24,-0.780000
2017-08-25,-0.760000
2017-08-28,-0.770000
2017-08-29,-0.690000
2017-08-30,-0.710000
2017-08-31,-0.710000
2017-09-01,-0.730000
2017-09-04,
2017-09-05,-0.640000
2017-09-06,-0.640000
2017-09-07,-0.600000
2017-09-08,-0.620000
2017-09-11,-0.670000
2017-09-12,-0.730000
2017-09-13,-0.760000
2017-09-14,-0.760000
2017-09-15,-0.780000
2017-09-18,-0.790000
2017-09-19,-0.810000
2017-09-20,-0.870000
2017-09-21,-0.870000
2017-09-22,-0.870000
2017-09-25,-0.810000
2017-09-26,-0.820000
2017-09-27,-0.860000
2017-09-28,-0.850000
2017-09-29,-0.880000
2017-10-02,-0.940000
2017-10-03,-0.870000
2017-10-04,-0.860000
2017-10-05,-0.890000
2017-10-06,-0.920000
2017-10-09,
2017-10-10,-0.890000
2017-10-11,-0.870000
2017-10-12,-0.880000
2017-10-13,-0.840000
2017-10-16,-0.860000
2017-10-17,-0.900000
2017-10-18,-0.920000
2017-10-19,-0.900000
2017-10-20,-0.940000
2017-10-23,-0.930000
2017-10-24,-0.950000
2017-10-25,-0.960000
2017-10-26,-0.980000
2017-10-27,-0.950000
2017-10-30,-0.900000
2017-10-31,-0.880000
2017-11-01,-0.850000
2017-11-02,-0.850000
2017-11-03,-0.830000
2017-11-06,-0.820000
2017-11-07,-0.790000
2017-11-08,-0.800000
2017-11-09,-0.790000
2017-11-10,-0.850000
2017-11-13,-0.860000
2017-11-14,-0.820000
2017-11-15,-0.810000
2017-11-16,-0.820000
2017-11-17,-0.800000
2017-11-20,-0.810000
2017-11-21,-0.830000
2017-11-22,-0.780000
2017-11-23,
2017-11-24,-0.810000
2017-11-27,-0.810000
2017-11-28,-0.790000
2017-11-29,-0.820000
2017-11-30,-0.890000
2017-12-01,-0.880000
2017-12-04,-0.870000
2017-12-05,-0.870000
2017-12-06,-0.830000
2017-12-07,-0.870000
2017-12-08,-0.880000
2017-12-11,-0.850000
2017-12-12,-0.860000
2017-12-13,-0.840000
2017-12-14,-0.840000
2017-12-15,-0.870000
2017-12-18,-0.810000
2017-12-19,-0.880000
2017-12-20,-0.880000
2017-12-21,-0.930000
2017-12-22,-0.950000
2017-12-25,
2017-12-26,-0.800000
2017-12-27,-0.800000
2017-12-28,-0.860000
2017-12-29,-0.830000
2018-01-01,
2018-01-02,-0.830000
2018-01-03,-0.860000
2018-01-04,-0.880000
2018-01-05,-0.920000
2018-01-08,-0.860000
2018-01-09,-0.910000
2018-01-10,-0.920000
2018-01-11,-0.910000
2018-01-12,-0.940000
2018-01-15,
2018-01-16,-0.930000
2018-01-17,-0.970000
2018-01-18,-1.000000
2018-01-19,-1.030000
2018-01-22,-1.030000
2018-01-23,-1.010000
2018-01-24,-1.020000
2018-01-25,-1.010000
2018-01-26,-1.080000
2018-01-29,-1.060000
2018-01-30,-1.090000
2018-01-31,-1.080000
2018-02-01,-1.100000
2018-02-02,-1.120000
2018-02-05,-1.010000
2018-02-06,-1.020000
2018-02-07,-1.040000
2018-02-08,-1.040000
2018-02-09,-0.990000
2018-02-12,-0.950000
2018-02-13,-0.970000
2018-02-14,-1.090000
2018-02-15,-1.090000
2018-02-16,-1.040000
2018-02-19,
2018-02-20,-1.010000
2018-02-21,-1.070000
2018-02-22,-1.050000
2018-02-23,-1.010000
2018-02-26,-0.950000
2018-02-27,-1.030000
2018-02-28,-1.020000
2018-03-01,-0.980000
2018-03-02,-1.010000
2018-03-05,-0.980000
2018-03-06,-1.000000
2018-03-07,-1.000000
2018-03-08,-0.990000
2018-03-09,-1.010000
2018-03-12,-0.960000
2018-03-13,-0.920000
2018-03-14,-0.880000
2018-03-15,-0.880000
2018-03-16,-0.900000
2018-03-19,-0.880000
2018-03-20,-0.910000
2018-03-21,-0.980000
2018-03-22,-0.940000
2018-03-23,-0.900000
2018-03-26,-0.880000
2018-03-27,-0.840000
2018-03-28,-0.890000
2018-03-29,-0.860000
2018-03-30,
2018-04-02,-0.810000
2018-04-03,-0.880000
2018-04-04,-0.930000
2018-04-05,-0.950000
2018-04-06,-0.880000
2018-04-09,-0.870000
2018-04-10,-0.910000
2018-04-11,-0.920000
2018-04-12,-0.950000
2018-04-13,-0.940000
2018-04-16,-0.930000
2018-04-17,-0.910000
2018-04-18,-0.950000
2018-04-19,-0.980000
2018-04-20,-1.020000
2018-04-23,-0.990000
2018-04-24,-0.990000
2018-04-25,-1.020000
2018-04-26,-1.030000
2018-04-27,-1.020000
2018-04-30,-0.950000
2018-05-01,-1.000000
2018-05-02,-0.990000
2018-05-03,-0.980000
2018-05-04,-0.980000
2018-05-07,-0.950000
2018-05-08,-0.970000
2018-05-09,-0.990000
2018-05-10,-0.970000
2018-05-11,-0.960000
2018-05-14,-0.950000
2018-05-15,-1.030000
2018-05-16,-1.060000
2018-05-17,-1.060000
2018-05-18,-1.030000
2018-05-21,-1.000000
2018-05-22,-1.000000
2018-05-23,-0.950000
2018-05-24,-0.950000
2018-05-25,-0.900000
2018-05-28,
2018-05-29,-0.680000
2018-05-30,-0.770000
2018-05-31,-0.790000
2018-06-01,-0.860000
2018-06-04,-0.870000
2018-06-05,-0.850000
2018-06-06,-0.900000
2018-06-07,-0.870000
2018-06-08,-0.880000
2018-06-11,-0.890000
2018-06-12,-0.920000
2018-06-13,-0.950000
2018-06-14,-0.910000
2018-06-15,-0.910000
2018-06-18,-0.890000
2018-06-19,-0.860000
2018-06-20,-0.900000
2018-06-21,-0.870000
2018-06-22,-0.880000
2018-06-25,-0.850000
2018-06-26,-0.850000
2018-06-27,-0.820000
2018-06-28,-0.840000
2018-06-29,-0.840000
2018-07-02,-0.800000
2018-07-03,-0.780000
2018-07-04,
2018-07-05,-0.820000
2018-07-06,-0.780000
2018-07-09,-0.800000
2018-07-10,-0.820000
2018-07-11,-0.810000
2018-07-12,-0.810000
2018-07-13,-0.790000
2018-07-16,-0.770000
2018-07-17,-0.780000
2018-07-18,-0.810000
2018-07-19,-0.780000
2018-07-20,-0.820000
2018-07-23,-0.870000
2018-07-24,-0.850000
2018-07-25,-0.850000
2018-07-26,-0.910000
2018-07-27,-0.880000
2018-07-30,-0.840000
2018-07-31,-0.860000
2018-08-01,-0.880000
2018-08-02,-0.870000
2018-08-03,-0.850000
2018-08-06,-0.780000
2018-08-07,-0.820000
2018-08-08,-0.810000
2018-08-09,-0.780000
2018-08-10,-0.740000
2018-08-13,-0.720000
2018-08-14,-0.730000
2018-08-15,-0.700000
2018-08-16,-0.720000
2018-08-17,-0.740000
2018-08-20,-0.670000
2018-08-21,-0.690000
2018-08-22,-0.650000
2018-08-23,-0.680000
2018-08-24,-0.670000
2018-08-27,-0.660000
2018-08-28,-0.680000
2018-08-29,-0.690000
2018-08-30,-0.680000
2018-08-31,-0.670000
2018-09-03,
2018-09-04,-0.690000
2018-09-05,-0.670000
2018-09-06,-0.670000
2018-09-07,-0.720000
2018-09-10,-0.720000
2018-09-11,-0.760000
2018-09-12,-0.750000
2018-09-13,-0.760000
2018-09-14,-0.780000
2018-09-17,-0.760000
2018-09-18,-0.810000
2018-09-19,-0.840000
2018-09-20,-0.830000
2018-09-21,-0.810000
2018-09-24,-0.780000
2018-09-25,-0.820000
2018-09-26,-0.800000
2018-09-27,-0.820000
2018-09-28,-0.790000
2018-10-01,-0.770000
2018-10-02,-0.750000
2018-10-03,-0.830000
2018-10-04,-0.870000
2018-10-05,-0.890000
2018-10-08,
2018-10-09,-0.840000
2018-10-10,-0.820000
2018-10-11,-0.780000
2018-10-12,-0.770000
2018-10-15,-0.740000
2018-10-16,-0.760000
2018-10-17,-0.770000
2018-10-18,-0.760000
2018-10-19,-0.790000
2018-10-22,-0.750000
2018-10-23,-0.720000
2018-10-24,-0.650000
2018-10-25,-0.690000
2018-10-26,-0.630000
2018-10-29,-0.610000
2018-10-30,-0.650000
2018-10-31,-0.690000
2018-11-01,-0.690000
2018-11-02,-0.760000
2018-11-05,-0.710000
2018-11-06,-0.740000
2018-11-07,-0.750000
2018-11-08,-0.790000
2018-11-09,-0.740000
2018-11-12,
2018-11-13,-0.650000
2018-11-14,-0.620000
2018-11-15,-0.620000
2018-11-16,-0.590000
2018-11-19,-0.530000
2018-11-20,-0.540000
2018-11-21,-0.530000
2018-11-22,
2018-11-23,-0.520000
2018-11-26,-0.530000
2018-11-27,-0.530000
2018-11-28,-0.520000
2018-11-29,-0.530000
2018-11-30,-0.520000
2018-12-03,-0.490000
2018-12-04,-0.410000
2018-12-05,
2018-12-06,-0.390000
2018-12-07,-0.350000
2018-12-10,-0.340000
2018-12-11,-0.380000
2018-12-12,-0.380000
2018-12-13,-0.370000
2018-12-14,-0.360000
2018-12-17,-0.330000
2018-12-18,-0.310000
2018-12-19,-0.270000
2018-12-20,-0.310000
2018-12-21,-0.300000
2018-12-24,-0.170000
2018-12-25,
2018-12-26,-0.280000
2018-12-27,-0.240000
2018-12-28,-0.210000
2018-12-31,-0.110000
2019-01-01,
2019-01-02,-0.120000
2019-01-03,-0.010000
2019-01-04,-0.120000
2019-01-07,-0.120000
2019-01-08,-0.170000
2019-01-09,-0.170000
2019-01-10,-0.180000
2019-01-11,-0.140000
2019-01-14,-0.130000
2019-01-15,-0.130000
2019-01-16,-0.160000
2019-01-17,-0.210000
2019-01-18,-0.260000
2019-01-21,
2019-01-22,-0.190000
2019-01-23,-0.230000
2019-01-24,-0.230000
2019-01-25,-0.250000
2019-01-28,-0.210000
2019-01-29,-0.180000
2019-01-30,-0.120000
2019-01-31,-0.070000
2019-02-01,-0.160000
2019-02-04,-0.160000
2019-02-05,-0.140000
2019-02-06,-0.130000
2019-02-07,-0.090000
2019-02-08,-0.060000
2019-02-11,-0.070000
2019-02-12,-0.110000
2019-02-13,-0.140000
2019-02-14,-0.100000
2019-02-15,-0.110000
2019-02-18,
2019-02-19,-0.060000
2019-02-20,-0.070000
2019-02-21,-0.110000
2019-02-22,-0.060000
2019-02-25,-0.060000
2019-02-26,-0.050000
2019-02-27,-0.090000
2019-02-28,-0.120000
2019-03-01,-0.170000
2019-03-04,-0.120000
2019-03-05,-0.120000
2019-03-06,-0.080000
2019-03-07,-0.040000
2019-03-08,-0.010000
2019-03-11,-0.030000
2019-03-12,0.000000
2019-03-13,-0.020000
2019-03-14,-0.030000
2019-03-15,0.000000
2019-03-18,-0.030000
2019-03-19,-0.010000
2019-03-20,0.080000
2019-03-21,0.090000
2019-03-22,0.170000
2019-03-25,0.200000
2019-03-26,0.230000
2019-03-27,0.210000
2019-03-28,0.180000
2019-03-29,0.120000
2019-04-01,0.070000
2019-04-02,0.090000
2019-04-03,0.070000
2019-04-04,0.070000
2019-04-05,0.080000
2019-04-08,0.050000
2019-04-09,0.060000
2019-04-10,0.100000
2019-04-11,0.070000
2019-04-12,0.010000
2019-04-15,0.010000
2019-04-16,-0.030000
2019-04-17,-0.010000
2019-04-18,-0.010000
2019-04-19,
2019-04-22,0.000000
2019-04-23,0.040000
2019-04-24,0.070000
2019-04-25,0.050000
2019-04-26,0.080000
2019-04-29,0.070000
2019-04-30,0.100000
2019-05-01,0.070000
2019-05-02,0.070000
2019-05-03,0.050000
2019-05-06,0.090000
2019-05-07,0.130000
2019-05-08,0.100000
2019-05-09,0.130000
2019-05-10,0.120000
2019-05-13,0.180000
2019-05-14,0.160000
2019-05-15,0.220000
2019-05-16,0.170000
2019-05-17,0.170000
2019-05-20,0.130000
2019-05-21,0.110000
2019-05-22,0.140000
2019-05-23,0.210000
2019-05-24,0.180000
2019-05-27,
2019-05-28,0.260000
2019-05-29,0.270000
2019-05-30,0.300000
2019-05-31,0.370000
2019-06-03,0.470000
2019-06-04,0.410000
2019-06-05,0.440000
2019-06-06,0.400000
2019-06-07,0.380000
2019-06-10,0.330000
2019-06-11,0.300000
2019-06-12,0.310000
2019-06-13,0.300000
2019-06-14,0.300000
2019-06-17,0.330000
2019-06-18,0.340000
2019-06-19,0.360000
2019-06-20,0.350000
2019-06-21,0.270000
2019-06-24,0.330000
2019-06-25,0.340000
2019-06-26,0.300000
2019-06-27,0.330000
2019-06-28,0.320000
2019-07-01,0.370000
2019-07-02,0.400000
2019-07-03,0.420000
2019-07-04,
2019-07-05,0.340000
2019-07-08,0.350000
2019-07-09,0.330000
2019-07-10,0.330000
2019-07-11,0.240000
2019-07-12,0.240000
2019-07-15,0.270000
2019-07-16,0.220000
2019-07-17,0.260000
2019-07-18,0.230000
2019-07-19,0.220000
2019-07-22,0.240000
2019-07-23,0.190000
2019-07-24,0.230000
2019-07-25,0.210000
2019-07-26,0.230000
2019-07-29,0.230000
2019-07-30,0.200000
2019-07-31,0.200000
2019-08-01,0.350000
2019-08-02,0.360000
2019-08-05,0.450000
2019-08-06,0.480000
2019-08-07,0.460000
2019-08-08,0.440000
2019-08-09,0.390000
2019-08-12,0.470000
2019-08-13,0.390000
2019-08-14,0.410000
2019-08-15,0.450000
2019-08-16,0.410000
2019-08-19,0.430000
2019-08-20,0.480000
2019-08-21,0.460000
2019-08-22,0.460000
2019-08-23,0.530000
2019-08-26,0.530000
2019-08-27,0.540000
2019-08-28,0.580000
2019-08-29,0.550000
2019-08-30,0.560000
2019-09-02,
2019-09-03,0.590000
2019-09-04,0.610000
2019-09-05,0.500000
2019-09-06,0.500000
2019-09-09,0.430000
2019-09-10,0.330000
2019-09-11,0.320000
2019-09-12,0.260000
2019-09-13,0.170000
2019-09-16,0.260000
2019-09-17,0.290000
2019-09-18,0.230000
2019-09-19,0.230000
2019-09-20,0.260000
2019-09-23,0.310000
2019-09-24,0.360000
2019-09-25,0.250000
2019-09-26,0.200000
2019-09-27,0.200000
2019-09-30,0.290000
2019-10-01,0.270000
2019-10-02,0.320000
2019-10-03,0.330000
2019-10-04,0.340000
2019-10-07,0.330000
2019-10-08,0.320000
2019-10-09,0.260000
2019-10-10,0.170000
2019-10-11,0.060000
2019-10-14,
2019-10-15,0.050000
2019-10-16,0.060000
2019-10-17,0.060000
2019-10-18,0.070000
2019-10-21,0.030000
2019-10-22,0.020000
2019-10-23,0.040000
2019-10-24,0.060000
2019-10-25,0.010000
2019-10-28,-0.040000
2019-10-29,-0.060000
2019-10-30,-0.020000
2019-10-31,0.000000
2019-11-01,-0.060000
2019-11-04,-0.100000
2019-11-05,-0.130000
2019-11-06,-0.100000
2019-11-07,-0.210000
2019-11-08,-0.220000
2019-11-11,
2019-11-12,-0.170000
2019-11-13,-0.150000
2019-11-14,-0.090000
2019-11-15,-0.110000
2019-11-18,-0.090000
2019-11-19,-0.090000
2019-11-20,-0.040000
2019-11-21,-0.070000
2019-11-22,-0.070000
2019-11-25,-0.040000
2019-11-26,-0.010000
2019-11-27,-0.040000
2019-11-28,
2019-11-29,-0.060000
2019-12-02,-0.080000
2019-12-03,0.000000
2019-12-04,-0.080000
2019-12-05,-0.110000
2019-12-06,-0.170000
2019-12-09,-0.160000
2019-12-10,-0.150000
2019-12-11,-0.100000
2019-12-12,-0.200000
2019-12-13,-0.120000
2019-12-16,-0.180000
2019-12-17,-0.180000
2019-12-18,-0.210000
2019-12-19,-0.190000
2019-12-20,-0.180000
2019-12-23,-0.190000
2019-12-24,-0.170000
2019-12-25,
2019-12-26,-0.170000
2019-12-27,-0.140000
2019-12-30,-0.140000
2019-12-31,-0.170000
2020-01-01,
2020-01-02,-0.160000
2020-01-03,-0.100000
2020-01-06,-0.080000
2020-01-07,-0.110000
2020-01-08,-0.160000
2020-01-09,-0.140000
2020-01-10,-0.120000
2020-01-13,-0.110000
2020-01-14,-0.090000
2020-01-15,-0.060000
2020-01-16,-0.110000
2020-01-17,-0.100000
2020-01-20,
2020-01-21,-0.040000
2020-01-22,-0.050000
2020-01-23,-0.030000
2020-01-24,0.000000
2020-01-27,0.080000
2020-01-28,0.070000
2020-01-29,0.120000
2020-01-30,0.150000
2020-01-31,0.200000
2020-02-03,0.190000
2020-02-04,0.120000
2020-02-05,0.080000
2020-02-06,0.090000
2020-02-07,0.120000
2020-02-10,0.170000
2020-02-11,0.140000
2020-02-12,0.100000
2020-02-13,0.130000
2020-02-14,0.130000
2020-02-17,
2020-02-18,0.160000
2020-02-19,0.140000
2020-02-20,0.180000
2020-02-21,0.230000
2020-02-24,0.290000
2020-02-25,0.340000
2020-02-26,0.360000
2020-02-27,0.310000
2020-02-28,0.360000
2020-03-02,0.220000
2020-03-03,0.160000
2020-03-04,-0.040000
2020-03-05,-0.060000
2020-03-06,-0.130000
2020-03-09,-0.140000
2020-03-10,-0.200000
2020-03-11,-0.250000
2020-03-12,-0.330000
2020-03-13,-0.430000
2020-03-16,-0.250000
2020-03-17,-0.470000
2020-03-18,-0.770000
2020-03-19,-0.620000
2020-03-20,-0.470000
2020-03-23,-0.360000
2020-03-24,-0.510000
2020-03-25,-0.600000
2020-03-26,-0.560000
2020-03-27,-0.380000
2020-03-30,-0.270000
2020-03-31,-0.260000
2020-04-01,-0.280000
2020-04-02,-0.300000
2020-04-03,-0.290000
2020-04-06,-0.290000
2020-04-07,-0.340000
2020-04-08,-0.250000
2020-04-09,-0.160000
2020-04-10,
2020-04-13,-0.180000
2020-04-14,-0.220000
2020-04-15,-0.200000
2020-04-16,-0.210000
2020-04-17,-0.240000
2020-04-20,-0.230000
2020-04-21,-0.230000
2020-04-22,-0.250000
2020-04-23,-0.260000
2020-04-24,-0.240000
2020-04-27,-0.290000
2020-04-28,-0.260000
2020-04-29,-0.260000
2020-04-30,-0.270000
2020-05-01,-0.240000
2020-05-04,-0.230000
2020-05-05,-0.230000
2020-05-06,-0.250000
2020-05-07,-0.180000
2020-05-08,-0.210000
2020-05-11,-0.240000
2020-05-12,-0.210000
2020-05-13,-0.180000
2020-05-14,-0.190000
2020-05-15,-0.190000
2020-05-18,-0.250000
2020-05-19,-0.220000
2020-05-20,-0.220000
2020-05-21,-0.230000
2020-05-22,-0.220000
2020-05-25,
2020-05-26,-0.210000
2020-05-27,-0.190000
2020-05-28,-0.190000
2020-05-29,-0.160000
2020-06-01,-0.170000
2020-06-02,-0.170000
2020-06-03,-0.220000
2020-06-04,-0.250000
2020-06-05,-0.320000
2020-06-08,-0.280000
2020-06-09,-0.210000
2020-06-10,-0.160000
2020-06-11,-0.150000
2020-06-12,-0.170000
2020-06-15,-0.150000
2020-06-16,-0.170000
2020-06-17,-0.170000
2020-06-18,-0.180000
2020-06-19,-0.180000
2020-06-22,-0.180000
2020-06-23,-0.170000
2020-06-24,-0.180000
2020-06-25,-0.160000
2020-06-26,-0.160000
2020-06-29,-0.140000
2020-06-30,-0.130000
2020-07-01,-0.170000
2020-07-02,-0.150000
2020-07-03,
2020-07-06,-0.160000
2020-07-07,-0.140000
2020-07-08,-0.150000
2020-07-09,-0.150000
2020-07-10,-0.170000
2020-07-13,-0.160000
2020-07-14,-0.130000
2020-07-15,-0.120000
2020-07-16,-0.170000
2020-07-17,-0.180000
2020-07-20,-0.160000
2020-07-21,-0.140000
2020-07-22,-0.140000
2020-07-23,-0.150000
2020-07-24,-0.160000
2020-07-27,-0.190000
2020-07-28,-0.150000
2020-07-29,-0.140000
2020-07-30,-0.140000
2020-07-31,-0.120000
2020-08-03,-0.120000
2020-08-04,-0.100000
2020-08-05,-0.120000
2020-08-06,-0.110000
2020-08-07,-0.130000
2020-08-10,-0.130000
2020-08-11,-0.160000
2020-08-12,-0.190000
2020-08-13,-0.220000
2020-08-14,-0.190000
2020-08-17,-0.190000
2020-08-18,-0.180000
2020-08-19,-0.180000
2020-08-20,-0.150000
2020-08-21,-0.170000
2020-08-24,-0.160000
2020-08-25,-0.190000
2020-08-26,-0.170000
2020-08-27,-0.200000
2020-08-28,-0.180000
2020-08-31,-0.170000
2020-09-01,-0.140000
2020-09-02,-0.140000
2020-09-03,-0.130000
2020-09-04,-0.190000
2020-09-07,
2020-09-08,-0.150000
2020-09-09,-0.160000
2020-09-10,-0.140000
2020-09-11,-0.150000
2020-09-14,-0.160000
2020-09-15,-0.160000
2020-09-16,-0.160000
2020-09-17,-0.190000
2020-09-18,-0.190000
2020-09-21,-0.170000
2020-09-22,-0.170000
2020-09-23,-0.170000
2020-09-24,-0.170000
2020-09-25,-0.160000
2020-09-28,-0.150000
2020-09-29,-0.150000
2020-09-30,-0.180000
2020-10-01,-0.180000
2020-10-02,-0.190000
2020-10-05,-0.230000
2020-10-06,-0.220000
2020-10-07,-0.250000
2020-10-08,-0.240000
2020-10-09,-0.240000
2020-10-12,
2020-10-13,-0.200000
2020-10-14,-0.180000
2020-10-15,-0.210000
2020-10-16,-0.210000
2020-10-19,-0.230000
2020-10-20,-0.240000
2020-10-21,-0.260000
2020-10-22,-0.290000
2020-10-23,-0.270000
2020-10-26,-0.240000
2020-10-27,-0.240000
2020-10-28,-0.240000
2020-10-29,-0.290000
2020-10-30,-0.290000
2020-11-02,-0.290000
2020-11-03,-0.290000
2020-11-04,-0.230000
2020-11-05,-0.230000
2020-11-06,-0.260000
2020-11-09,-0.330000
2020-11-10,-0.360000
2020-11-11,
2020-11-12,-0.300000
2020-11-13,-0.320000
2020-11-16,-0.320000
2020-11-17,-0.300000
2020-11-18,-0.310000
2020-11-19,-0.320000
2020-11-20,-0.310000
2020-11-23,-0.310000
2020-11-24,-0.300000
2020-11-25,-0.300000
2020-11-26,
2020-11-27,-0.280000
2020-11-30,-0.280000
2020-12-01,-0.330000
2020-12-02,-0.330000
2020-12-03,-0.320000
2020-12-04,-0.330000
2020-12-07,-0.320000
2020-12-08,-0.300000
2020-12-09,-0.330000
2020-12-10,-0.310000
2020-12-11,-0.290000
2020-12-14,-0.280000
2020-12-15,-0.290000
2020-12-16,-0.280000
2020-12-17,-0.300000
2020-12-18,-0.310000
2020-12-21,-0.300000
2020-12-22,-0.280000
2020-12-23,-0.290000
2020-12-24,-0.280000
2020-12-25,
2020-12-28,-0.270000
2020-12-29,-0.270000
2020-12-30,-0.290000
2020-12-31,-0.270000
2021-01-01,
2021-01-04,-0.270000
2021-01-05,-0.290000
2021-01-06,-0.340000
2021-01-07,-0.370000
2021-01-08,-0.410000
2021-01-11,-0.420000
2021-01-12,-0.410000
2021-01-13,-0.390000
2021-01-14,-0.400000
2021-01-15,-0.370000
2021-01-18,
2021-01-19,-0.360000
2021-01-20,-0.370000
2021-01-21,-0.360000
2021-01-22,-0.360000
2021-01-25,-0.330000
2021-01-26,-0.350000
2021-01-27,-0.330000
2021-01-28,-0.350000
2021-01-29,-0.390000
2021-02-01,-0.350000
2021-02-02,-0.380000
2021-02-03,-0.420000
2021-02-04,-0.420000
2021-02-05,-0.440000
2021-02-08,-0.430000
2021-02-09,-0.440000
2021-02-10,-0.410000
2021-02-11,-0.410000
2021-02-12,-0.460000
2021-02-15,
2021-02-16,-0.530000
2021-02-17,-0.530000
2021-02-18,-0.530000
2021-02-19,-0.550000
2021-02-22,-0.580000
2021-02-23,-0.550000
2021-02-24,-0.590000
2021-02-25,-0.770000
2021-02-26,-0.710000
2021-03-01,-0.660000
2021-03-02,-0.630000
2021-03-03,-0.680000
2021-03-04,-0.730000
2021-03-05,-0.750000
2021-03-08,-0.810000
2021-03-09,-0.780000
2021-03-10,-0.760000
2021-03-11,-0.740000
2021-03-12,-0.810000
2021-03-15,-0.800000
2021-03-16,-0.810000
2021-03-17,-0.780000
2021-03-18,-0.850000
2021-03-19,-0.890000
2021-03-22,-0.840000
2021-03-23,-0.820000
2021-03-24,-0.810000
2021-03-25,-0.800000
2021-03-26,-0.830000
2021-03-29,-0.860000
2021-03-30,-0.880000
2021-03-31,-0.890000
2021-04-01,-0.880000
2021-04-02,-0.950000
2021-04-05,-0.910000
2021-04-06,-0.860000
2021-04-07,-0.850000
2021-04-08,-0.840000
2021-04-09,-0.850000
2021-04-12,-0.870000
2021-04-13,-0.820000
2021-04-14,-0.850000
2021-04-15,-0.790000
2021-04-16,-0.820000
2021-04-19,-0.830000
2021-04-20,-0.780000
2021-04-21,-0.780000
2021-04-22,-0.780000
2021-04-23,-0.800000
2021-04-26,-0.820000
2021-04-27,-0.870000
2021-04-28,-0.850000
2021-04-29,-0.850000
2021-04-30,-0.850000
2021-05-03,-0.800000
2021-05-04,-0.800000
2021-05-05,-0.780000
2021-05-06,-0.790000
2021-05-07,-0.750000
2021-05-10,-0.780000
2021-05-11,-0.790000
2021-05-12,-0.850000
2021-05-13,-0.820000
2021-05-14,-0.810000
2021-05-17,-0.820000
2021-05-18,-0.810000
2021-05-19,-0.860000
2021-05-20,-0.820000
2021-05-21,-0.830000
2021-05-24,-0.800000
2021-05-25,-0.770000
2021-05-26,-0.780000
2021-05-27,-0.790000
2021-05-28,-0.780000
2021-05-31,
2021-06-01,-0.790000
2021-06-02,-0.780000
2021-06-03,-0.820000
2021-06-04,-0.760000
2021-06-07,-0.770000
2021-06-08,-0.750000
2021-06-09,-0.720000
2021-06-10,-0.700000
2021-06-11,-0.730000
2021-06-14,-0.770000
2021-06-15,-0.760000
2021-06-16,-0.850000
2021-06-17,-0.860000
2021-06-18,-0.840000
2021-06-21,-0.850000
2021-06-22,-0.830000
2021-06-23,-0.850000
2021-06-24,-0.850000
2021-06-25,-0.860000
2021-06-28,-0.850000
2021-06-29,-0.850000
2021-06-30,-0.820000
2021-07-01,-0.840000
2021-07-02,-0.810000
2021-07-05,
2021-07-06,-0.760000
2021-07-07,-0.740000
2021-07-08,-0.680000
2021-07-09,-0.730000
2021-07-12,-0.760000
2021-07-13,-0.800000
2021-07-14,-0.740000
2021-07-15,-0.730000
2021-07-16,-0.740000
2021-07-19,-0.650000
2021-07-20,-0.640000
2021-07-21,-0.690000
2021-07-22,-0.660000
2021-07-23,-0.670000
2021-07-26,-0.680000
2021-07-27,-0.660000
2021-07-28,-0.670000
2021-07-29,-0.670000
2021-07-30,-0.630000
2021-08-02,-0.610000
2021-08-03,-0.600000
2021-08-04,-0.620000
2021-08-05,-0.670000
2021-08-06,-0.710000
2021-08-09,-0.730000
2021-08-10,-0.770000
2021-08-11,-0.760000
2021-08-12,-0.770000
2021-08-13,-0.730000
2021-08-16,-0.690000
2021-08-17,-0.700000
2021-08-18,-0.720000
2021-08-19,-0.720000
2021-08-20,-0.750000
2021-08-23,-0.730000
2021-08-24,-0.750000
2021-08-25,-0.780000
2021-08-26,-0.790000
2021-08-27,-0.740000
2021-08-30,-0.720000
2021-08-31,-0.730000
2021-09-01,-0.730000
2021-09-02,-0.730000
2021-09-03,-0.730000
2021-09-06,
2021-09-07,-0.770000
2021-09-08,-0.760000
2021-09-09,-0.750000
2021-09-10,-0.770000
2021-09-13,-0.750000
2021-09-14,-0.750000
2021-09-15,-0.770000
2021-09-16,-0.800000
2021-09-17,-0.840000
2021-09-20,-0.790000
2021-09-21,-0.810000
2021-09-22,-0.830000
2021-09-23,-0.910000
2021-09-24,-0.940000
2021-09-27,-0.940000
2021-09-28,-0.980000
2021-09-29,-0.970000
2021-09-30,-0.940000
2021-10-01,-0.890000
2021-10-04,-0.910000
2021-10-05,-0.940000
2021-10-06,-0.950000
2021-10-07,-0.970000
2021-10-08,-1.000000
2021-10-11,
2021-10-12,-1.020000
2021-10-13,-1.040000
2021-10-14,-1.000000
2021-10-15,-1.080000
2021-10-18,-1.100000
2021-10-19,-1.120000
2021-10-20,-1.110000
2021-10-21,-1.170000
2021-10-22,-1.160000
2021-10-25,-1.130000
2021-10-26,-1.140000
2021-10-27,-1.100000
2021-10-28,-1.120000
2021-10-29,-1.130000
2021-11-01,-1.150000
2021-11-02,-1.100000
2021-11-03,-1.140000
2021-11-04,-1.060000
2021-11-05,-0.990000
2021-11-08,-1.070000
2021-11-09,-1.040000
2021-11-10,-1.180000
2021-11-11,
2021-11-12,-1.190000
2021-11-15,-1.210000
2021-11-16,-1.220000
2021-11-17,-1.190000
2021-11-18,-1.170000
2021-11-19,-1.170000
2021-11-22,-1.280000
2021-11-23,-1.270000
2021-11-24,-1.280000
2021-11-25,
2021-11-26,-1.100000
2021-11-29,-1.120000
2021-11-30,-1.090000
2021-12-01,-1.090000
2021-12-02,-1.160000
2021-12-03,-1.070000
2021-12-06,-1.150000
2021-12-07,-1.200000
2021-12-08,-1.200000
2021-12-09,-1.200000
2021-12-10,-1.190000
2021-12-13,-1.160000
2021-12-14,-1.180000
2021-12-15,-1.200000
2021-12-16,-1.140000
2021-12-17,-1.130000
2021-12-20,-1.100000
2021-12-21,-1.170000
2021-12-22,-1.150000
2021-12-23,-1.170000
2021-12-24,
2021-12-27,-1.200000
2021-12-28,-1.210000
2021-12-29,-1.240000
2021-12-30,-1.220000
2021-12-31,-1.200000
2022-01-03,-1.280000
2022-01-04,-1.290000
2022-01-05,-1.340000
2022-01-06,-1.370000
2022-01-07,-1.400000
2022-01-10,-1.400000
2022-01-11,-1.390000
2022-01-12,-1.380000
2022-01-13,-1.350000
2022-01-14,-1.420000
2022-01-17,
2022-01-18,-1.480000
2022-01-19,-1.450000
2022-01-20,-1.440000
2022-01-21,-1.370000
2022-01-24,-1.330000
2022-01-25,-1.360000
2022-01-26,-1.470000
2022-01-27,-1.460000
2022-01-28,-1.420000
2022-01-31,-1.380000
2022-02-01,-1.430000
2022-02-02,-1.400000
2022-02-03,-1.450000
2022-02-04,-1.550000
2022-02-07,-1.480000
2022-02-08,-1.540000
2022-02-09,-1.550000
2022-02-10,-1.550000
2022-02-11,-1.470000
2022-02-14,-1.450000
2022-02-15,-1.530000
2022-02-16,-1.510000
2022-02-17,-1.480000
2022-02-18,-1.470000
2022-02-21,
2022-02-22,-1.460000
2022-02-23,-1.530000
2022-02-24,-1.510000
2022-02-25,-1.530000
2022-02-28,-1.340000
2022-03-01,-1.240000
2022-03-02,-1.410000
2022-03-03,-1.370000
2022-03-04,-1.320000
2022-03-07,-1.330000
2022-03-08,-1.440000
2022-03-09,-1.490000
2022-03-10,-1.540000
2022-03-11,-1.570000
2022-03-14,-1.650000
2022-03-15,-1.640000
2022-03-16,-1.750000
2022-03-17,-1.770000
2022-03-18,-1.730000
2022-03-21,-1.780000
2022-03-22,-1.880000
2022-03-23,-1.840000
2022-03-24,-1.870000
2022-03-25,-2.020000
2022-03-28,-1.940000
2022-03-29,-1.930000
2022-03-30,-1.890000
2022-03-31,-1.910000
2022-04-01,-2.030000
2022-04-04,-1.890000
2022-04-05,-2.040000
2022-04-06,-2.030000
2022-04-07,-2.020000
2022-04-08,-2.070000
2022-04-11,-2.010000
2022-04-12,-1.920000
2022-04-13,-1.910000
2022-04-14,-2.010000
2022-04-15,
2022-04-18,-1.970000
2022-04-19,-2.090000
2022-04-20,-2.050000
2022-04-21,-2.140000
2022-04-22,-2.120000
2022-04-25,-1.910000
2022-04-26,-1.950000
2022-04-27,-1.990000
2022-04-28,-2.050000
2022-04-29,-2.090000
2022-05-02,-2.110000
2022-05-03,-2.110000
2022-05-04,-2.050000
2022-05-05,-2.170000
2022-05-06,-2.220000
2022-05-09,-2.030000
2022-05-10,-2.020000
2022-05-11,-1.990000
2022-05-12,-1.860000
2022-05-13,-1.880000
2022-05-16,-1.760000
2022-05-17,-1.900000
2022-05-18,-1.870000
2022-05-19,-1.800000
2022-05-20,-1.790000
2022-05-23,-1.810000
2022-05-24,-1.710000
2022-05-25,-1.660000
2022-05-26,-1.640000
2022-05-27,-1.650000
2022-05-30,
2022-05-31,-1.680000
2022-06-01,-1.820000
2022-06-02,-1.790000
2022-06-03,-1.780000
2022-06-06,-1.800000
2022-06-07,-1.750000
2022-06-08,-1.780000
2022-06-09,-1.810000
2022-06-10,-1.910000
2022-06-13,-1.870000
2022-06-14,-1.830000
2022-06-15,-1.690000
2022-06-16,-1.810000
2022-06-17,-1.760000
2022-06-20,
2022-06-21,-1.720000
2022-06-22,-1.650000
2022-06-23,-1.550000
2022-06-24,-1.520000
2022-06-27,-1.490000
2022-06-28,-1.500000
2022-06-29,-1.420000
2022-06-30,-1.350000
2022-07-01,-1.220000
2022-07-04,
2022-07-05,-0.960000
2022-07-06,-1.110000
2022-07-07,-1.160000
2022-07-08,-1.220000
2022-07-11,-0.920000
2022-07-12,-0.850000
2022-07-13,-0.690000
2022-07-14,-0.730000
2022-07-15,-0.760000
2022-07-18,-0.620000
2022-07-19,-0.680000
2022-07-20,-0.740000
2022-07-21,-0.600000
2022-07-22,-0.460000
2022-07-25,-0.340000
2022-07-26,-0.410000
2022-07-27,-0.450000
2022-07-28,-0.340000
2022-07-29,-0.360000
2022-08-01,-0.180000
2022-08-02,-0.370000
2022-08-03,-0.420000
2022-08-04,-0.350000
2022-08-05,-0.490000
2022-08-08,-0.340000
2022-08-09,-0.390000
2022-08-10,-0.370000
2022-08-11,-0.460000
2022-08-12,-0.440000
2022-08-15,-0.280000
2022-08-16,-0.340000
2022-08-17,-0.450000
2022-08-18,-0.410000
2022-08-19,-0.470000
2022-08-22,-0.430000
2022-08-23,-0.470000
2022-08-24,-0.470000
2022-08-25,-0.370000
2022-08-26,-0.420000
2022-08-29,-0.380000
2022-08-30,-0.390000
2022-08-31,-0.430000
2022-09-01,-0.510000
2022-09-02,-0.450000
2022-09-05,
2022-09-06,-0.470000
2022-09-07,-0.390000
2022-09-08,-0.420000
2022-09-09,-0.470000
2022-09-12,-0.380000
2022-09-13,-0.390000
2022-09-14,-0.460000
2022-09-15,-0.540000
2022-09-16,-0.520000
2022-09-19,-0.400000
2022-09-20,-0.490000
2022-09-21,-0.530000
2022-09-22,-0.720000
2022-09-23,-0.840000
2022-09-26,-0.850000
2022-09-27,-0.950000
2022-09-28,-0.630000
2022-09-29,-0.720000
2022-09-30,-0.840000
2022-10-03,-0.560000
2022-10-04,-0.520000
2022-10-05,-0.630000
2022-10-06,-0.730000
2022-10-07,-0.830000
2022-10-10,
2022-10-11,-0.610000
2022-10-12,-0.560000
2022-10-13,-0.570000
2022-10-14,-0.600000
2022-10-17,-0.420000
2022-10-18,-0.320000
2022-10-19,-0.440000
2022-10-20,-0.540000
2022-10-21,-0.440000
2022-10-24,-0.360000
2022-10-25,-0.280000
2022-10-26,-0.260000
2022-10-27,-0.140000
2022-10-28,-0.200000
2022-10-31,-0.210000
2022-11-01,-0.210000
2022-11-02,-0.260000
2022-11-03,-0.300000
2022-11-04,-0.310000
2022-11-07,-0.270000
2022-11-08,-0.210000
2022-11-09,-0.160000
2022-11-10,0.140000
2022-11-11,
2022-11-14,0.160000
2022-11-15,0.210000
2022-11-16,0.310000
2022-11-17,0.200000
2022-11-18,0.160000
2022-11-21,0.260000
2022-11-22,0.280000
2022-11-23,0.330000
2022-11-24,
2022-11-25,0.370000
2022-11-28,0.420000
2022-11-29,0.350000
2022-11-30,0.450000
2022-12-01,0.540000
2022-12-02,0.550000
2022-12-05,0.470000
2022-12-06,0.540000
2022-12-07,0.580000
2022-12-08,0.460000
2022-12-09,0.440000
2022-12-12,0.490000
2022-12-13,0.600000
2022-12-14,0.590000
2022-12-15,0.600000
2022-12-16,0.590000
2022-12-19,0.580000
2022-12-20,0.460000
2022-12-21,0.440000
2022-12-22,0.450000
2022-12-23,0.370000
2022-12-26,
2022-12-27,0.410000
2022-12-28,0.380000
2022-12-29,0.400000
2022-12-30,0.310000
2023-01-02,
2023-01-03,0.460000
2023-01-04,0.560000
2023-01-05,0.610000
2023-01-06,0.820000
2023-01-09,0.890000
2023-01-10,0.850000
2023-01-11,0.910000
2023-01-12,0.970000
2023-01-13,0.910000
2023-01-16,
2023-01-17,0.960000
2023-01-18,1.110000
2023-01-19,1.070000
2023-01-20,1.010000
2023-01-23,0.970000
2023-01-24,0.990000
2023-01-25,1.020000
2023-01-26,0.970000
2023-01-27,0.950000
2023-01-30,0.910000
2023-01-31,0.950000
2023-02-01,1.060000
2023-02-02,1.040000
2023-02-03,0.900000
2023-02-06,0.780000
2023-02-07,0.740000
2023-02-08,0.770000
2023-02-09,0.770000
2023-02-10,0.730000
2023-02-13,0.750000
2023-02-14,0.670000
2023-02-15,0.620000
2023-02-16,0.640000
2023-02-17,0.670000
2023-02-20,
2023-02-21,0.560000
2023-02-22,0.580000
2023-02-23,0.620000
2023-02-24,0.530000
2023-02-27,0.570000
2023-02-28,0.540000
2023-03-01,0.460000
2023-03-02,0.420000
2023-03-03,0.480000
2023-03-06,0.490000
2023-03-07,0.560000
2023-03-08,0.550000
2023-03-09,0.650000
2023-03-10,0.870000
2023-03-13,1.020000
2023-03-14,0.930000
2023-03-15,1.000000
2023-03-16,0.850000
2023-03-17,0.920000
2023-03-20,1.090000
2023-03-21,0.890000
2023-03-22,1.090000
2023-03-23,1.180000
2023-03-24,1.160000
2023-03-27,1.160000
2023-03-28,1.010000
2023-03-29,0.970000
2023-03-30,1.140000
2023-03-31,1.080000
2023-04-03,1.250000
2023-04-04,1.350000
2023-04-05,1.360000
2023-04-06,1.400000
2023-04-07,1.320000
2023-04-10,1.420000
2023-04-11,1.350000
2023-04-12,1.410000
2023-04-13,1.440000
2023-04-14,1.380000
2023-04-17,1.370000
2023-04-18,1.350000
2023-04-19,1.300000
2023-04-20,1.340000
2023-04-21,1.320000
2023-04-24,1.440000
2023-04-25,1.540000
2023-04-26,1.540000
2023-04-27,1.430000
2023-04-28,1.440000
2023-05-01,1.460000
2023-05-02,1.620000
2023-05-03,1.720000
2023-05-04,1.810000
2023-05-05,1.690000
2023-05-08,1.660000
2023-05-09,1.620000
2023-05-10,1.710000
2023-05-11,1.680000
2023-05-12,1.630000
2023-05-15,1.600000
2023-05-16,1.550000
2023-05-17,1.520000
2023-05-18,1.450000
2023-05-19,1.360000
2023-05-22,1.470000
2023-05-23,1.420000
2023-05-24,1.460000
2023-05-25,1.310000
2023-05-26,1.240000
2023-05-29,
2023-05-30,1.470000
2023-05-31,1.520000
2023-06-01,1.540000
2023-06-02,1.390000
2023-06-05,1.380000
2023-06-06,1.330000
2023-06-07,1.230000
2023-06-08,1.250000
2023-06-09,1.190000
2023-06-12,1.250000
2023-06-13,1.100000
2023-06-14,1.040000
2023-06-15,1.160000
2023-06-16,1.100000
2023-06-19,
2023-06-20,1.180000
2023-06-21,1.200000
2023-06-22,1.120000
2023-06-23,1.160000
2023-06-26,1.280000
2023-06-27,1.170000
2023-06-28,1.210000
2023-06-29,1.060000
2023-06-30,1.040000
2023-07-03,1.020000
2023-07-04,
2023-07-05,0.960000
2023-07-06,0.860000
2023-07-07,0.870000
2023-07-10,1.000000
2023-07-11,1.010000
2023-07-12,1.170000
2023-07-13,1.310000
2023-07-14,1.210000
2023-07-17,1.240000
2023-07-18,1.250000
2023-07-19,1.280000
2023-07-20,1.180000
2023-07-21,1.180000
2023-07-24,1.150000
2023-07-25,1.130000
2023-07-26,1.190000
2023-07-27,1.040000
2023-07-28,1.100000
2023-07-31,1.100000
2023-08-01,1.030000
2023-08-02,1.030000
2023-08-03,0.970000
2023-08-04,1.130000
2023-08-07,1.130000
2023-08-08,1.200000
2023-08-09,1.160000
2023-08-10,1.070000
2023-08-11,0.970000
2023-08-14,0.930000
2023-08-15,0.930000
2023-08-16,0.870000
2023-08-17,0.870000
2023-08-18,0.900000
2023-08-21,0.840000
2023-08-22,0.810000
2023-08-23,0.940000
2023-08-24,0.920000
2023-08-25,0.900000
2023-08-28,0.960000
2023-08-29,1.070000
2023-08-30,1.050000
2023-08-31,1.090000
2023-09-01,1.010000
2023-09-04,
2023-09-05,0.950000
2023-09-06,0.870000
2023-09-07,0.920000
2023-09-08,0.920000
2023-09-11,0.920000
2023-09-12,0.910000
2023-09-13,0.920000
2023-09-14,0.890000
2023-09-15,0.870000
2023-09-18,0.850000
2023-09-19,0.800000
2023-09-20,0.810000
2023-09-21,0.720000
2023-09-22,0.750000
2023-09-25,0.730000
2023-09-26,0.720000
2023-09-27,0.670000
2023-09-28,0.700000
2023-09-29,0.720000
2023-10-02,0.630000
2023-10-03,0.550000
2023-10-04,0.620000
2023-10-05,0.660000
2023-10-06,0.610000
2023-10-09,
2023-10-10,0.720000
2023-10-11,0.750000
2023-10-12,0.660000
2023-10-13,0.700000
2023-10-16,0.620000
2023-10-17,0.490000
2023-10-18,0.420000
2023-10-19,0.380000
2023-10-20,0.450000
2023-10-23,0.510000
2023-10-24,0.490000
2023-10-25,0.430000
2023-10-26,0.530000
2023-10-27,0.560000
2023-10-30,0.530000
2023-10-31,0.510000
2023-11-01,0.640000
2023-11-02,0.630000
2023-11-03,0.780000
2023-11-06,0.690000
2023-11-07,0.750000
2023-11-08,0.770000
2023-11-09,0.620000
2023-11-10,0.610000
2023-11-13,0.620000
2023-11-14,0.840000
2023-11-15,0.740000
2023-11-16,0.820000
2023-11-17,0.800000
2023-11-20,0.830000
2023-11-21,0.850000
2023-11-22,0.830000
2023-11-23,
2023-11-24,0.790000
2023-11-27,0.900000
2023-11-28,0.980000
2023-11-29,1.030000
2023-11-30,0.940000
2023-12-01,1.090000
2023-12-04,1.030000
2023-12-05,1.110000
2023-12-06,1.130000
2023-12-07,1.130000
2023-12-08,1.000000
2023-12-11,1.010000
2023-12-12,1.030000
2023-12-13,1.240000
2023-12-14,1.330000
2023-12-15,1.330000
2023-12-18,1.320000
2023-12-19,1.290000
2023-12-20,1.380000
2023-12-21,1.350000
2023-12-22,1.370000
2023-12-25,
2023-12-26,1.360000
2023-12-27,1.460000
2023-12-28,1.420000
2023-12-29,1.360000
2024-01-01,
2024-01-02,1.290000
2024-01-03,1.340000
2024-01-04,1.270000
2024-01-05,1.220000
2024-01-08,1.280000
2024-01-09,1.270000
2024-01-10,1.240000
2024-01-11,1.330000
2024-01-12,1.380000
2024-01-15,
2024-01-16,1.270000
2024-01-17,1.220000
2024-01-18,1.180000
2024-01-19,1.140000
2024-01-22,1.190000
2024-01-23,1.150000
2024-01-24,1.150000
2024-01-25,1.200000
2024-01-26,1.170000
2024-01-29,1.250000
2024-01-30,1.210000
2024-01-31,1.310000
2024-02-01,1.420000
2024-02-02,1.240000
2024-02-05,1.090000
2024-02-06,1.200000
2024-02-07,1.170000
2024-02-08,1.110000
2024-02-09,1.100000
2024-02-12,1.100000
2024-02-13,0.940000
2024-02-14,0.980000
2024-02-15,1.010000
2024-02-16,0.950000
2024-02-19,
2024-02-20,0.990000
2024-02-21,0.940000
2024-02-22,0.920000
2024-02-23,0.980000
2024-02-26,0.970000
2024-02-27,0.930000
2024-02-28,0.980000
2024-02-29,0.990000
2024-03-01,1.060000
2024-03-04,1.030000
2024-03-05,1.100000
2024-03-06,1.120000
2024-03-07,1.170000
2024-03-08,1.180000
2024-03-11,1.160000
2024-03-12,1.100000
2024-03-13,1.060000
2024-03-14,0.960000
2024-03-15,0.920000
2024-03-18,0.890000
2024-03-19,0.930000
2024-03-20,0.990000
2024-03-21,0.990000
2024-03-22,1.040000
2024-03-25,1.000000
2024-03-26,1.000000
2024-03-27,1.040000
2024-03-28,1.020000
2024-03-29,
2024-04-01,0.890000
2024-04-02,0.870000
2024-04-03,0.880000
2024-04-04,0.910000
2024-04-05,0.850000
2024-04-08,0.800000
2024-04-09,0.860000
2024-04-10,0.640000
2024-04-11,0.640000
2024-04-12,0.710000
2024-04-15,0.600000
2024-04-16,0.560000
2024-04-17,0.630000
2024-04-18,0.570000
2024-04-19,0.590000
2024-04-22,0.560000
2024-04-23,0.620000
2024-04-24,0.620000
2024-04-25,0.560000
2024-04-26,0.570000
2024-04-29,0.600000
2024-04-30,0.530000
2024-05-01,0.620000
2024-05-02,0.680000
2024-05-03,0.770000
2024-05-06,0.770000
2024-05-07,0.770000
2024-05-08,0.750000
2024-05-09,0.780000
2024-05-10,0.740000
2024-05-13,0.750000
2024-05-14,0.780000
2024-05-15,0.900000
2024-05-16,0.850000
2024-05-17,0.810000
2024-05-20,0.790000
2024-05-21,0.820000
2024-05-22,0.780000
2024-05-23,0.740000
2024-05-24,0.730000
2024-05-27,
2024-05-28,0.700000
2024-05-29,0.630000
2024-05-30,0.690000
2024-05-31,0.730000
2024-06-03,0.840000
2024-06-04,0.900000
2024-06-05,0.940000
2024-06-06,0.960000
2024-06-07,0.800000
2024-06-10,0.770000
2024-06-11,0.840000
2024-06-12,0.930000
2024-06-13,1.010000
2024-06-14,1.030000
2024-06-17,0.950000
2024-06-18,1.000000
2024-06-19,
2024-06-20,0.980000
2024-06-21,0.970000
2024-06-24,0.970000
2024-06-25,0.980000
2024-06-26,0.920000
2024-06-27,0.940000
2024-06-28,0.890000
2024-07-01,0.800000
2024-07-02,0.850000
2024-07-03,0.910000
2024-07-04,
2024-07-05,1.010000
2024-07-08,1.000000
2024-07-09,0.990000
2024-07-10,0.990000
2024-07-11,1.080000
2024-07-12,1.110000
2024-07-15,1.070000
2024-07-16,1.110000
2024-07-17,1.130000
2024-07-18,1.100000
2024-07-19,1.040000
2024-07-22,1.020000
2024-07-23,1.030000
2024-07-24,1.060000
2024-07-25,1.040000
2024-07-26,1.100000
2024-07-29,1.100000
2024-07-30,1.110000
2024-07-31,1.180000
2024-08-01,1.280000
2024-08-02,1.430000
2024-08-05,1.470000
2024-08-06,1.360000
2024-08-07,1.300000
2024-08-08,1.260000
2024-08-09,1.290000
2024-08-12,1.320000
2024-08-13,1.380000
2024-08-14,1.400000
2024-08-15,1.300000
2024-08-16,1.310000
2024-08-19,1.310000
2024-08-20,1.340000
2024-08-21,1.380000
2024-08-22,1.320000
2024-08-23,1.360000
2024-08-26,1.320000
2024-08-27,1.320000
2024-08-28,1.330000
2024-08-29,1.320000
2024-08-30,1.270000
2024-09-02,
2024-09-03,1.320000
2024-09-04,1.400000
2024-09-05,1.400000
2024-09-06,1.430000
2024-09-09,1.400000
2024-09-10,1.420000
2024-09-11,1.440000
2024-09-12,1.380000
2024-09-13,1.350000
2024-09-16,1.340000
2024-09-17,1.310000
2024-09-18,1.180000
2024-09-19,1.120000
2024-09-20,1.080000
2024-09-23,1.020000
2024-09-24,1.030000
2024-09-25,0.990000
2024-09-26,0.950000
2024-09-27,1.000000
2024-09-30,0.940000
2024-10-01,0.990000
2024-10-02,0.930000
2024-10-03,0.860000
2024-10-04,0.720000
2024-10-07,0.690000
2024-10-08,0.670000
2024-10-09,0.630000
2024-10-10,0.630000
2024-10-11,0.650000
2024-10-14,
2024-10-15,0.660000
2024-10-16,0.670000
2024-10-17,0.640000
2024-10-18,0.650000
2024-10-21,0.530000
2024-10-22,0.510000
2024-10-23,0.470000
2024-10-24,0.470000
2024-10-25,0.450000
2024-10-28,0.380000
2024-10-29,0.380000
2024-10-30,0.330000
2024-10-31,0.290000
2024-11-01,0.190000
2024-11-04,0.270000
2024-11-05,0.270000
2024-11-06,0.170000
2024-11-07,0.260000
2024-11-08,0.230000
2024-11-11,
2024-11-12,0.110000
2024-11-13,0.100000
2024-11-14,0.090000
2024-11-15,0.110000
2024-11-18,0.140000
2024-11-19,0.160000
2024-11-20,0.140000
2024-11-21,0.130000
2024-11-22,0.130000
2024-11-25,0.250000
2024-11-26,0.230000
2024-11-27,0.290000
2024-11-28,
2024-11-29,0.340000
2024-12-02,0.300000
2024-12-03,0.250000
2024-12-04,0.280000
2024-12-05,0.270000
2024-12-06,0.280000
2024-12-09,0.230000
2024-12-10,0.200000
2024-12-11,0.130000
2024-12-12,0.050000
2024-12-13,-0.020000
2024-12-16,0.000000
2024-12-17,0.000000
2024-12-18,-0.150000
2024-12-19,-0.200000
2024-12-20,-0.140000
2024-12-23,-0.200000
2024-12-24,-0.150000
2024-12-25,
2024-12-26,-0.180000
2024-12-27,-0.260000
2024-12-30,-0.140000
2024-12-31,-0.150000
2025-01-01,
2025-01-02,-0.160000
2025-01-03,-0.210000
2025-01-06,-0.210000
2025-01-07,-0.250000
2025-01-08,-0.240000
2025-01-09,-0.250000
2025-01-10,-0.370000
2025-01-13,-0.380000
2025-01-14,-0.370000
2025-01-15,-0.240000
2025-01-16,-0.180000
2025-01-17,-0.220000
2025-01-20,
2025-01-21,-0.180000
2025-01-22,-0.210000
2025-01-23,-0.230000
2025-01-24,-0.220000
2025-01-27,-0.120000
2025-01-28,-0.130000
2025-01-29,-0.150000
2025-01-30,-0.120000
2025-01-31,-0.160000
2025-02-03,-0.130000
2025-02-04,-0.090000
2025-02-05,-0.020000
2025-02-06,-0.060000
2025-02-07,-0.100000
2025-02-10,-0.110000
2025-02-11,-0.140000
2025-02-12,-0.250000
2025-02-13,-0.170000
2025-02-14,-0.110000
2025-02-17,
2025-02-18,-0.170000
2025-02-19,-0.150000
2025-02-20,-0.130000
2025-02-21,-0.050000
2025-02-24,-0.040000
2025-02-25,0.070000
2025-02-26,0.140000
2025-02-27,0.110000
2025-02-28,0.170000
2025-03-03,0.240000
2025-03-04,0.190000
2025-03-05,0.130000
2025-03-06,0.140000
2025-03-07,0.110000
2025-03-10,0.210000
2025-03-11,0.170000
2025-03-12,0.120000
2025-03-13,0.180000
2025-03-14,0.110000
2025-03-17,0.090000
2025-03-18,0.130000
2025-03-19,0.170000
2025-03-20,0.180000
2025-03-21,0.190000
2025-03-24,0.100000
2025-03-25,0.120000
2025-03-26,0.120000
2025-03-27,0.110000
2025-03-28,0.220000
2025-03-31,0.250000
2025-04-01,0.290000
2025-04-02,0.260000
2025-04-03,0.450000
2025-04-04,0.450000
2025-04-07,0.350000
2025-04-08,0.310000
2025-04-09,0.180000
2025-04-10,0.180000
2025-04-11,0.080000
2025-04-14,0.200000
2025-04-15,0.240000
2025-04-16,0.300000
2025-04-17,0.280000
2025-04-18,
2025-04-21,0.250000
2025-04-22,0.240000
2025-04-23,0.220000
2025-04-24,0.300000
2025-04-25,0.330000
2025-04-28,0.390000
2025-04-29,0.430000
2025-04-30,0.480000
2025-05-01,0.390000
